endpoint,audit_row_id,source_block_id,fidelity_index,status,decision_changed,observable_changed_beyond_tolerance,further_refinement_required,source_result_sha256
A0,A0:FIDELITY:000,,0,PASS,,,,6fb3f08e48b4d3496e190fbc38b029ee7c15e327c504924f8c03b6e2083aec9c
A1,A1:000,A1:000,0,PASS,False,False,False,6fb3f08e48b4d3496e190fbc38b029ee7c15e327c504924f8c03b6e2083aec9c
A1,A1:001,A1:001,1,PASS,False,False,False,6fb3f08e48b4d3496e190fbc38b029ee7c15e327c504924f8c03b6e2083aec9c
A1,A1:002,A1:002,2,PASS,False,False,False,6fb3f08e48b4d3496e190fbc38b029ee7c15e327c504924f8c03b6e2083aec9c
A1,A1:003,A1:003,3,PASS,False,False,False,6fb3f08e48b4d3496e190fbc38b029ee7c15e327c504924f8c03b6e2083aec9c
A1,A1:004,A1:004,4,PASS,False,False,False,6fb3f08e48b4d3496e190fbc38b029ee7c15e327c504924f8c03b6e2083aec9c
A1,A1:005,A1:005,5,PASS,False,False,False,6fb3f08e48b4d3496e190fbc38b029ee7c15e327c504924f8c03b6e2083aec9c
A1,A1:006,A1:006,6,PASS,False,False,False,6fb3f08e48b4d3496e190fbc38b029ee7c15e327c504924f8c03b6e2083aec9c
A1,A1:007,A1:007,7,PASS,False,False,False,6fb3f08e48b4d3496e190fbc38b029ee7c15e327c504924f8c03b6e2083aec9c
A1,A1:008,A1:008,8,PASS,False,False,False,6fb3f08e48b4d3496e190fbc38b029ee7c15e327c504924f8c03b6e2083aec9c
A1,A1:009,A1:009,9,PASS,False,False,False,6fb3f08e48b4d3496e190fbc38b029ee7c15e327c504924f8c03b6e2083aec9c
A1,A1:010,A1:010,10,PASS,False,False,False,6fb3f08e48b4d3496e190fbc38b029ee7c15e327c504924f8c03b6e2083aec9c
A1,A1:011,A1:011,11,PASS,False,False,False,6fb3f08e48b4d3496e190fbc38b029ee7c15e327c504924f8c03b6e2083aec9c
A1,A1:012,A1:012,12,PASS,False,False,False,6fb3f08e48b4d3496e190fbc38b029ee7c15e327c504924f8c03b6e2083aec9c
A1,A1:013,A1:013,13,PASS,False,False,False,6fb3f08e48b4d3496e190fbc38b029ee7c15e327c504924f8c03b6e2083aec9c
A1,A1:014,A1:014,14,PASS,False,False,False,6fb3f08e48b4d3496e190fbc38b029ee7c15e327c504924f8c03b6e2083aec9c
A1,A1:015,A1:015,15,PASS,False,False,False,6fb3f08e48b4d3496e190fbc38b029ee7c15e327c504924f8c03b6e2083aec9c
A1,A1:016,A1:016,16,PASS,False,False,False,6fb3f08e48b4d3496e190fbc38b029ee7c15e327c504924f8c03b6e2083aec9c
A1,A1:017,A1:017,17,PASS,False,False,False,6fb3f08e48b4d3496e190fbc38b029ee7c15e327c504924f8c03b6e2083aec9c
A1,A1:018,A1:018,18,PASS,False,False,False,6fb3f08e48b4d3496e190fbc38b029ee7c15e327c504924f8c03b6e2083aec9c
A1,A1:019,A1:019,19,PASS,False,False,False,6fb3f08e48b4d3496e190fbc38b029ee7c15e327c504924f8c03b6e2083aec9c
A1,A1:020,A1:020,20,PASS,False,False,False,6fb3f08e48b4d3496e190fbc38b029ee7c15e327c504924f8c03b6e2083aec9c
A1,A1:021,A1:021,21,PASS,False,False,False,6fb3f08e48b4d3496e190fbc38b029ee7c15e327c504924f8c03b6e2083aec9c
A1,A1:022,A1:022,22,PASS,False,False,False,6fb3f08e48b4d3496e190fbc38b029ee7c15e327c504924f8c03b6e2083aec9c
A1,A1:023,A1:023,23,PASS,False,False,False,6fb3f08e48b4d3496e190fbc38b029ee7c15e327c504924f8c03b6e2083aec9c
A1,A1:024,A1:024,24,PASS,False,False,False,6fb3f08e48b4d3496e190fbc38b029ee7c15e327c504924f8c03b6e2083aec9c
A1,A1:025,A1:025,25,PASS,False,False,False,6fb3f08e48b4d3496e190fbc38b029ee7c15e327c504924f8c03b6e2083aec9c
A1,A1:026,A1:026,26,PASS,False,False,False,6fb3f08e48b4d3496e190fbc38b029ee7c15e327c504924f8c03b6e2083aec9c
A1,A1:027,A1:027,27,PASS,False,False,False,6fb3f08e48b4d3496e190fbc38b029ee7c15e327c504924f8c03b6e2083aec9c
A1,A1:028,A1:028,28,PASS,False,False,False,6fb3f08e48b4d3496e190fbc38b029ee7c15e327c504924f8c03b6e2083aec9c
A1,A1:029,A1:029,29,PASS,False,False,False,6fb3f08e48b4d3496e190fbc38b029ee7c15e327c504924f8c03b6e2083aec9c
A1,A1:030,A1:030,30,PASS,False,False,False,6fb3f08e48b4d3496e190fbc38b029ee7c15e327c504924f8c03b6e2083aec9c
A1,A1:031,A1:031,31,PASS,False,False,False,6fb3f08e48b4d3496e190fbc38b029ee7c15e327c504924f8c03b6e2083aec9c
A1,A1:032,A1:032,32,PASS,False,False,False,6fb3f08e48b4d3496e190fbc38b029ee7c15e327c504924f8c03b6e2083aec9c
A1,A1:033,A1:033,33,PASS,False,False,False,6fb3f08e48b4d3496e190fbc38b029ee7c15e327c504924f8c03b6e2083aec9c
A1,A1:034,A1:034,34,PASS,False,False,False,6fb3f08e48b4d3496e190fbc38b029ee7c15e327c504924f8c03b6e2083aec9c
A1,A1:035,A1:035,35,PASS,False,False,False,6fb3f08e48b4d3496e190fbc38b029ee7c15e327c504924f8c03b6e2083aec9c
A1,A1:036,A1:036,36,PASS,False,False,False,6fb3f08e48b4d3496e190fbc38b029ee7c15e327c504924f8c03b6e2083aec9c
A1,A1:037,A1:037,37,PASS,False,False,False,6fb3f08e48b4d3496e190fbc38b029ee7c15e327c504924f8c03b6e2083aec9c
A1,A1:038,A1:038,38,PASS,False,False,False,6fb3f08e48b4d3496e190fbc38b029ee7c15e327c504924f8c03b6e2083aec9c
A1,A1:039,A1:039,39,PASS,False,False,False,6fb3f08e48b4d3496e190fbc38b029ee7c15e327c504924f8c03b6e2083aec9c
A1,A1:040,A1:040,40,PASS,False,False,False,6fb3f08e48b4d3496e190fbc38b029ee7c15e327c504924f8c03b6e2083aec9c
A1,A1:041,A1:041,41,PASS,False,False,False,6fb3f08e48b4d3496e190fbc38b029ee7c15e327c504924f8c03b6e2083aec9c
A1,A1:042,A1:042,42,PASS,False,False,False,6fb3f08e48b4d3496e190fbc38b029ee7c15e327c504924f8c03b6e2083aec9c
A1,A1:043,A1:043,43,PASS,False,False,False,6fb3f08e48b4d3496e190fbc38b029ee7c15e327c504924f8c03b6e2083aec9c
A1,A1:044,A1:044,44,PASS,False,False,False,6fb3f08e48b4d3496e190fbc38b029ee7c15e327c504924f8c03b6e2083aec9c
A1,A1:045,A1:045,45,PASS,False,False,False,6fb3f08e48b4d3496e190fbc38b029ee7c15e327c504924f8c03b6e2083aec9c
A1,A1:046,A1:046,46,PASS,False,False,False,6fb3f08e48b4d3496e190fbc38b029ee7c15e327c504924f8c03b6e2083aec9c
A1,A1:047,A1:047,47,PASS,False,False,False,6fb3f08e48b4d3496e190fbc38b029ee7c15e327c504924f8c03b6e2083aec9c
A1,A1:048,A1:048,48,PASS,False,False,False,6fb3f08e48b4d3496e190fbc38b029ee7c15e327c504924f8c03b6e2083aec9c
A1,A1:049,A1:049,49,PASS,False,False,False,6fb3f08e48b4d3496e190fbc38b029ee7c15e327c504924f8c03b6e2083aec9c
A1,A1:050,A1:050,50,PASS,False,False,False,6fb3f08e48b4d3496e190fbc38b029ee7c15e327c504924f8c03b6e2083aec9c
A1,A1:051,A1:051,51,PASS,False,False,False,6fb3f08e48b4d3496e190fbc38b029ee7c15e327c504924f8c03b6e2083aec9c
A1,A1:052,A1:052,52,PASS,False,False,False,6fb3f08e48b4d3496e190fbc38b029ee7c15e327c504924f8c03b6e2083aec9c
A1,A1:053,A1:053,53,PASS,False,False,False,6fb3f08e48b4d3496e190fbc38b029ee7c15e327c504924f8c03b6e2083aec9c
A1,A1:054,A1:054,54,PASS,False,False,False,6fb3f08e48b4d3496e190fbc38b029ee7c15e327c504924f8c03b6e2083aec9c
A1,A1:055,A1:055,55,PASS,False,False,False,6fb3f08e48b4d3496e190fbc38b029ee7c15e327c504924f8c03b6e2083aec9c
A1,A1:056,A1:056,56,PASS,False,False,False,6fb3f08e48b4d3496e190fbc38b029ee7c15e327c504924f8c03b6e2083aec9c
A1,A1:057,A1:057,57,PASS,False,False,False,6fb3f08e48b4d3496e190fbc38b029ee7c15e327c504924f8c03b6e2083aec9c
A1,A1:058,A1:058,58,PASS,False,False,False,6fb3f08e48b4d3496e190fbc38b029ee7c15e327c504924f8c03b6e2083aec9c
A1,A1:059,A1:059,59,PASS,False,False,False,6fb3f08e48b4d3496e190fbc38b029ee7c15e327c504924f8c03b6e2083aec9c
A1,A1:060,A1:060,60,PASS,False,False,False,6fb3f08e48b4d3496e190fbc38b029ee7c15e327c504924f8c03b6e2083aec9c
A1,A1:061,A1:061,61,PASS,False,False,False,6fb3f08e48b4d3496e190fbc38b029ee7c15e327c504924f8c03b6e2083aec9c
A1,A1:062,A1:062,62,PASS,False,False,False,6fb3f08e48b4d3496e190fbc38b029ee7c15e327c504924f8c03b6e2083aec9c
A1,A1:063,A1:063,63,PASS,False,False,False,6fb3f08e48b4d3496e190fbc38b029ee7c15e327c504924f8c03b6e2083aec9c
B0,B0:000,B0:000,0,PASS,False,False,False,6fb3f08e48b4d3496e190fbc38b029ee7c15e327c504924f8c03b6e2083aec9c
B0,B0:001,B0:001,1,PASS,False,False,False,6fb3f08e48b4d3496e190fbc38b029ee7c15e327c504924f8c03b6e2083aec9c
B0,B0:002,B0:002,2,PASS,False,False,False,6fb3f08e48b4d3496e190fbc38b029ee7c15e327c504924f8c03b6e2083aec9c
B0,B0:003,B0:003,3,PASS,False,False,False,6fb3f08e48b4d3496e190fbc38b029ee7c15e327c504924f8c03b6e2083aec9c
B0,B0:004,B0:004,4,PASS,False,False,False,6fb3f08e48b4d3496e190fbc38b029ee7c15e327c504924f8c03b6e2083aec9c
B0,B0:005,B0:005,5,PASS,False,False,False,6fb3f08e48b4d3496e190fbc38b029ee7c15e327c504924f8c03b6e2083aec9c
B0,B0:006,B0:006,6,PASS,False,False,False,6fb3f08e48b4d3496e190fbc38b029ee7c15e327c504924f8c03b6e2083aec9c
B0,B0:007,B0:007,7,PASS,False,False,False,6fb3f08e48b4d3496e190fbc38b029ee7c15e327c504924f8c03b6e2083aec9c
B0,B0:008,B0:008,8,PASS,False,False,False,6fb3f08e48b4d3496e190fbc38b029ee7c15e327c504924f8c03b6e2083aec9c
B0,B0:009,B0:009,9,PASS,False,False,False,6fb3f08e48b4d3496e190fbc38b029ee7c15e327c504924f8c03b6e2083aec9c
B0,B0:010,B0:010,10,PASS,False,False,False,6fb3f08e48b4d3496e190fbc38b029ee7c15e327c504924f8c03b6e2083aec9c
B0,B0:011,B0:011,11,PASS,False,False,False,6fb3f08e48b4d3496e190fbc38b029ee7c15e327c504924f8c03b6e2083aec9c
B0,B0:012,B0:012,12,PASS,False,False,False,6fb3f08e48b4d3496e190fbc38b029ee7c15e327c504924f8c03b6e2083aec9c
B0,B0:013,B0:013,13,PASS,False,False,False,6fb3f08e48b4d3496e190fbc38b029ee7c15e327c504924f8c03b6e2083aec9c
B0,B0:014,B0:014,14,PASS,False,False,False,6fb3f08e48b4d3496e190fbc38b029ee7c15e327c504924f8c03b6e2083aec9c
B0,B0:015,B0:015,15,PASS,False,False,False,6fb3f08e48b4d3496e190fbc38b029ee7c15e327c504924f8c03b6e2083aec9c
B0,B0:016,B0:016,16,PASS,False,False,False,6fb3f08e48b4d3496e190fbc38b029ee7c15e327c504924f8c03b6e2083aec9c
B0,B0:017,B0:017,17,PASS,False,False,False,6fb3f08e48b4d3496e190fbc38b029ee7c15e327c504924f8c03b6e2083aec9c
B0,B0:018,B0:018,18,PASS,False,False,False,6fb3f08e48b4d3496e190fbc38b029ee7c15e327c504924f8c03b6e2083aec9c
B0,B0:019,B0:019,19,PASS,False,False,False,6fb3f08e48b4d3496e190fbc38b029ee7c15e327c504924f8c03b6e2083aec9c
B0,B0:020,B0:020,20,PASS,False,False,False,6fb3f08e48b4d3496e190fbc38b029ee7c15e327c504924f8c03b6e2083aec9c
B0,B0:021,B0:021,21,PASS,False,False,False,6fb3f08e48b4d3496e190fbc38b029ee7c15e327c504924f8c03b6e2083aec9c
B0,B0:022,B0:022,22,PASS,False,False,False,6fb3f08e48b4d3496e190fbc38b029ee7c15e327c504924f8c03b6e2083aec9c
B0,B0:023,B0:023,23,PASS,False,False,False,6fb3f08e48b4d3496e190fbc38b029ee7c15e327c504924f8c03b6e2083aec9c
B0,B0:024,B0:024,24,PASS,False,False,False,6fb3f08e48b4d3496e190fbc38b029ee7c15e327c504924f8c03b6e2083aec9c
B0,B0:025,B0:025,25,PASS,False,False,False,6fb3f08e48b4d3496e190fbc38b029ee7c15e327c504924f8c03b6e2083aec9c
B0,B0:026,B0:026,26,PASS,False,False,False,6fb3f08e48b4d3496e190fbc38b029ee7c15e327c504924f8c03b6e2083aec9c
B0,B0:027,B0:027,27,PASS,False,False,False,6fb3f08e48b4d3496e190fbc38b029ee7c15e327c504924f8c03b6e2083aec9c
B0,B0:028,B0:028,28,PASS,False,False,False,6fb3f08e48b4d3496e190fbc38b029ee7c15e327c504924f8c03b6e2083aec9c
B0,B0:029,B0:029,29,PASS,False,False,False,6fb3f08e48b4d3496e190fbc38b029ee7c15e327c504924f8c03b6e2083aec9c
B0,B0:030,B0:030,30,PASS,False,False,False,6fb3f08e48b4d3496e190fbc38b029ee7c15e327c504924f8c03b6e2083aec9c
B0,B0:031,B0:031,31,PASS,False,False,False,6fb3f08e48b4d3496e190fbc38b029ee7c15e327c504924f8c03b6e2083aec9c
B0,B0:032,B0:032,32,PASS,False,False,False,6fb3f08e48b4d3496e190fbc38b029ee7c15e327c504924f8c03b6e2083aec9c
B0,B0:033,B0:033,33,PASS,False,False,False,6fb3f08e48b4d3496e190fbc38b029ee7c15e327c504924f8c03b6e2083aec9c
B0,B0:034,B0:034,34,PASS,False,False,False,6fb3f08e48b4d3496e190fbc38b029ee7c15e327c504924f8c03b6e2083aec9c
B0,B0:035,B0:035,35,PASS,False,False,False,6fb3f08e48b4d3496e190fbc38b029ee7c15e327c504924f8c03b6e2083aec9c
B0,B0:036,B0:036,36,PASS,False,False,False,6fb3f08e48b4d3496e190fbc38b029ee7c15e327c504924f8c03b6e2083aec9c
B0,B0:037,B0:037,37,PASS,False,False,False,6fb3f08e48b4d3496e190fbc38b029ee7c15e327c504924f8c03b6e2083aec9c
B0,B0:038,B0:038,38,PASS,False,False,False,6fb3f08e48b4d3496e190fbc38b029ee7c15e327c504924f8c03b6e2083aec9c
B0,B0:039,B0:039,39,PASS,False,False,False,6fb3f08e48b4d3496e190fbc38b029ee7c15e327c504924f8c03b6e2083aec9c
B0,B0:040,B0:040,40,PASS,False,False,False,6fb3f08e48b4d3496e190fbc38b029ee7c15e327c504924f8c03b6e2083aec9c
B0,B0:041,B0:041,41,PASS,False,False,False,6fb3f08e48b4d3496e190fbc38b029ee7c15e327c504924f8c03b6e2083aec9c
B0,B0:042,B0:042,42,PASS,False,False,False,6fb3f08e48b4d3496e190fbc38b029ee7c15e327c504924f8c03b6e2083aec9c
B0,B0:043,B0:043,43,PASS,False,False,False,6fb3f08e48b4d3496e190fbc38b029ee7c15e327c504924f8c03b6e2083aec9c
B0,B0:044,B0:044,44,PASS,False,False,False,6fb3f08e48b4d3496e190fbc38b029ee7c15e327c504924f8c03b6e2083aec9c
B0,B0:045,B0:045,45,PASS,False,False,False,6fb3f08e48b4d3496e190fbc38b029ee7c15e327c504924f8c03b6e2083aec9c
B0,B0:046,B0:046,46,PASS,False,False,False,6fb3f08e48b4d3496e190fbc38b029ee7c15e327c504924f8c03b6e2083aec9c
B0,B0:047,B0:047,47,PASS,False,False,False,6fb3f08e48b4d3496e190fbc38b029ee7c15e327c504924f8c03b6e2083aec9c
B0,B0:048,B0:048,48,PASS,False,False,False,6fb3f08e48b4d3496e190fbc38b029ee7c15e327c504924f8c03b6e2083aec9c
B0,B0:049,B0:049,49,PASS,False,False,False,6fb3f08e48b4d3496e190fbc38b029ee7c15e327c504924f8c03b6e2083aec9c
B0,B0:050,B0:050,50,PASS,False,False,False,6fb3f08e48b4d3496e190fbc38b029ee7c15e327c504924f8c03b6e2083aec9c
B0,B0:051,B0:051,51,PASS,False,False,False,6fb3f08e48b4d3496e190fbc38b029ee7c15e327c504924f8c03b6e2083aec9c
B0,B0:052,B0:052,52,PASS,False,False,False,6fb3f08e48b4d3496e190fbc38b029ee7c15e327c504924f8c03b6e2083aec9c
B0,B0:053,B0:053,53,PASS,False,False,False,6fb3f08e48b4d3496e190fbc38b029ee7c15e327c504924f8c03b6e2083aec9c
B0,B0:054,B0:054,54,PASS,False,False,False,6fb3f08e48b4d3496e190fbc38b029ee7c15e327c504924f8c03b6e2083aec9c
B0,B0:055,B0:055,55,PASS,False,False,False,6fb3f08e48b4d3496e190fbc38b029ee7c15e327c504924f8c03b6e2083aec9c
B0,B0:056,B0:056,56,PASS,False,False,False,6fb3f08e48b4d3496e190fbc38b029ee7c15e327c504924f8c03b6e2083aec9c
B0,B0:057,B0:057,57,PASS,False,False,False,6fb3f08e48b4d3496e190fbc38b029ee7c15e327c504924f8c03b6e2083aec9c
B0,B0:058,B0:058,58,PASS,False,False,False,6fb3f08e48b4d3496e190fbc38b029ee7c15e327c504924f8c03b6e2083aec9c
B0,B0:059,B0:059,59,PASS,False,False,False,6fb3f08e48b4d3496e190fbc38b029ee7c15e327c504924f8c03b6e2083aec9c
B0,B0:060,B0:060,60,PASS,False,False,False,6fb3f08e48b4d3496e190fbc38b029ee7c15e327c504924f8c03b6e2083aec9c
B0,B0:061,B0:061,61,PASS,False,False,False,6fb3f08e48b4d3496e190fbc38b029ee7c15e327c504924f8c03b6e2083aec9c
B0,B0:062,B0:062,62,PASS,False,False,False,6fb3f08e48b4d3496e190fbc38b029ee7c15e327c504924f8c03b6e2083aec9c
B0,B0:063,B0:063,63,PASS,False,False,False,6fb3f08e48b4d3496e190fbc38b029ee7c15e327c504924f8c03b6e2083aec9c
B1,B1:000,B1:000,0,PASS,False,False,False,6fb3f08e48b4d3496e190fbc38b029ee7c15e327c504924f8c03b6e2083aec9c
B1,B1:001,B1:001,1,PASS,False,False,False,6fb3f08e48b4d3496e190fbc38b029ee7c15e327c504924f8c03b6e2083aec9c
B1,B1:002,B1:002,2,PASS,False,False,False,6fb3f08e48b4d3496e190fbc38b029ee7c15e327c504924f8c03b6e2083aec9c
B1,B1:003,B1:003,3,PASS,False,False,False,6fb3f08e48b4d3496e190fbc38b029ee7c15e327c504924f8c03b6e2083aec9c
B1,B1:004,B1:004,4,PASS,False,False,False,6fb3f08e48b4d3496e190fbc38b029ee7c15e327c504924f8c03b6e2083aec9c
B1,B1:005,B1:005,5,PASS,False,False,False,6fb3f08e48b4d3496e190fbc38b029ee7c15e327c504924f8c03b6e2083aec9c
B1,B1:006,B1:006,6,PASS,False,False,False,6fb3f08e48b4d3496e190fbc38b029ee7c15e327c504924f8c03b6e2083aec9c
B1,B1:007,B1:007,7,PASS,False,False,False,6fb3f08e48b4d3496e190fbc38b029ee7c15e327c504924f8c03b6e2083aec9c
B1,B1:008,B1:008,8,PASS,False,False,False,6fb3f08e48b4d3496e190fbc38b029ee7c15e327c504924f8c03b6e2083aec9c
B1,B1:009,B1:009,9,PASS,False,False,False,6fb3f08e48b4d3496e190fbc38b029ee7c15e327c504924f8c03b6e2083aec9c
B1,B1:010,B1:010,10,PASS,False,False,False,6fb3f08e48b4d3496e190fbc38b029ee7c15e327c504924f8c03b6e2083aec9c
B1,B1:011,B1:011,11,PASS,False,False,False,6fb3f08e48b4d3496e190fbc38b029ee7c15e327c504924f8c03b6e2083aec9c
B1,B1:012,B1:012,12,PASS,False,False,False,6fb3f08e48b4d3496e190fbc38b029ee7c15e327c504924f8c03b6e2083aec9c
B1,B1:013,B1:013,13,PASS,False,False,False,6fb3f08e48b4d3496e190fbc38b029ee7c15e327c504924f8c03b6e2083aec9c
B1,B1:014,B1:014,14,PASS,False,False,False,6fb3f08e48b4d3496e190fbc38b029ee7c15e327c504924f8c03b6e2083aec9c
B1,B1:015,B1:015,15,PASS,False,False,False,6fb3f08e48b4d3496e190fbc38b029ee7c15e327c504924f8c03b6e2083aec9c
B1,B1:016,B1:016,16,PASS,False,False,False,6fb3f08e48b4d3496e190fbc38b029ee7c15e327c504924f8c03b6e2083aec9c
B1,B1:017,B1:017,17,PASS,False,False,False,6fb3f08e48b4d3496e190fbc38b029ee7c15e327c504924f8c03b6e2083aec9c
B1,B1:018,B1:018,18,PASS,False,False,False,6fb3f08e48b4d3496e190fbc38b029ee7c15e327c504924f8c03b6e2083aec9c
B1,B1:019,B1:019,19,PASS,False,False,False,6fb3f08e48b4d3496e190fbc38b029ee7c15e327c504924f8c03b6e2083aec9c
B1,B1:020,B1:020,20,PASS,False,False,False,6fb3f08e48b4d3496e190fbc38b029ee7c15e327c504924f8c03b6e2083aec9c
B1,B1:021,B1:021,21,PASS,False,False,False,6fb3f08e48b4d3496e190fbc38b029ee7c15e327c504924f8c03b6e2083aec9c
B1,B1:022,B1:022,22,PASS,False,False,False,6fb3f08e48b4d3496e190fbc38b029ee7c15e327c504924f8c03b6e2083aec9c
B1,B1:023,B1:023,23,PASS,False,False,False,6fb3f08e48b4d3496e190fbc38b029ee7c15e327c504924f8c03b6e2083aec9c
B1,B1:024,B1:024,24,PASS,False,False,False,6fb3f08e48b4d3496e190fbc38b029ee7c15e327c504924f8c03b6e2083aec9c
B1,B1:025,B1:025,25,PASS,False,False,False,6fb3f08e48b4d3496e190fbc38b029ee7c15e327c504924f8c03b6e2083aec9c
B1,B1:026,B1:026,26,PASS,False,False,False,6fb3f08e48b4d3496e190fbc38b029ee7c15e327c504924f8c03b6e2083aec9c
B1,B1:027,B1:027,27,PASS,False,False,False,6fb3f08e48b4d3496e190fbc38b029ee7c15e327c504924f8c03b6e2083aec9c
B1,B1:028,B1:028,28,PASS,False,False,False,6fb3f08e48b4d3496e190fbc38b029ee7c15e327c504924f8c03b6e2083aec9c
B1,B1:029,B1:029,29,PASS,False,False,False,6fb3f08e48b4d3496e190fbc38b029ee7c15e327c504924f8c03b6e2083aec9c
B1,B1:030,B1:030,30,PASS,False,False,False,6fb3f08e48b4d3496e190fbc38b029ee7c15e327c504924f8c03b6e2083aec9c
B1,B1:031,B1:031,31,PASS,False,False,False,6fb3f08e48b4d3496e190fbc38b029ee7c15e327c504924f8c03b6e2083aec9c
B1,B1:032,B1:032,32,PASS,False,False,False,6fb3f08e48b4d3496e190fbc38b029ee7c15e327c504924f8c03b6e2083aec9c
B1,B1:033,B1:033,33,PASS,False,False,False,6fb3f08e48b4d3496e190fbc38b029ee7c15e327c504924f8c03b6e2083aec9c
B1,B1:034,B1:034,34,PASS,False,False,False,6fb3f08e48b4d3496e190fbc38b029ee7c15e327c504924f8c03b6e2083aec9c
B1,B1:035,B1:035,35,PASS,False,False,False,6fb3f08e48b4d3496e190fbc38b029ee7c15e327c504924f8c03b6e2083aec9c
B1,B1:036,B1:036,36,PASS,False,False,False,6fb3f08e48b4d3496e190fbc38b029ee7c15e327c504924f8c03b6e2083aec9c
B1,B1:037,B1:037,37,PASS,False,False,False,6fb3f08e48b4d3496e190fbc38b029ee7c15e327c504924f8c03b6e2083aec9c
B1,B1:038,B1:038,38,PASS,False,False,False,6fb3f08e48b4d3496e190fbc38b029ee7c15e327c504924f8c03b6e2083aec9c
B1,B1:039,B1:039,39,PASS,False,False,False,6fb3f08e48b4d3496e190fbc38b029ee7c15e327c504924f8c03b6e2083aec9c
B1,B1:040,B1:040,40,PASS,False,False,False,6fb3f08e48b4d3496e190fbc38b029ee7c15e327c504924f8c03b6e2083aec9c
B1,B1:041,B1:041,41,PASS,False,False,False,6fb3f08e48b4d3496e190fbc38b029ee7c15e327c504924f8c03b6e2083aec9c
B1,B1:042,B1:042,42,PASS,False,False,False,6fb3f08e48b4d3496e190fbc38b029ee7c15e327c504924f8c03b6e2083aec9c
B1,B1:043,B1:043,43,PASS,False,False,False,6fb3f08e48b4d3496e190fbc38b029ee7c15e327c504924f8c03b6e2083aec9c
B1,B1:044,B1:044,44,PASS,False,False,False,6fb3f08e48b4d3496e190fbc38b029ee7c15e327c504924f8c03b6e2083aec9c
B1,B1:045,B1:045,45,PASS,False,False,False,6fb3f08e48b4d3496e190fbc38b029ee7c15e327c504924f8c03b6e2083aec9c
B1,B1:046,B1:046,46,PASS,False,False,False,6fb3f08e48b4d3496e190fbc38b029ee7c15e327c504924f8c03b6e2083aec9c
B1,B1:047,B1:047,47,PASS,False,False,False,6fb3f08e48b4d3496e190fbc38b029ee7c15e327c504924f8c03b6e2083aec9c
B1,B1:048,B1:048,48,PASS,False,False,False,6fb3f08e48b4d3496e190fbc38b029ee7c15e327c504924f8c03b6e2083aec9c
B1,B1:049,B1:049,49,PASS,False,False,False,6fb3f08e48b4d3496e190fbc38b029ee7c15e327c504924f8c03b6e2083aec9c
B1,B1:050,B1:050,50,PASS,False,False,False,6fb3f08e48b4d3496e190fbc38b029ee7c15e327c504924f8c03b6e2083aec9c
B1,B1:051,B1:051,51,PASS,False,False,False,6fb3f08e48b4d3496e190fbc38b029ee7c15e327c504924f8c03b6e2083aec9c
B1,B1:052,B1:052,52,PASS,False,False,False,6fb3f08e48b4d3496e190fbc38b029ee7c15e327c504924f8c03b6e2083aec9c
B1,B1:053,B1:053,53,PASS,False,False,False,6fb3f08e48b4d3496e190fbc38b029ee7c15e327c504924f8c03b6e2083aec9c
B1,B1:054,B1:054,54,PASS,False,False,False,6fb3f08e48b4d3496e190fbc38b029ee7c15e327c504924f8c03b6e2083aec9c
B1,B1:055,B1:055,55,PASS,False,False,False,6fb3f08e48b4d3496e190fbc38b029ee7c15e327c504924f8c03b6e2083aec9c
B1,B1:056,B1:056,56,PASS,False,False,False,6fb3f08e48b4d3496e190fbc38b029ee7c15e327c504924f8c03b6e2083aec9c
B1,B1:057,B1:057,57,PASS,False,False,False,6fb3f08e48b4d3496e190fbc38b029ee7c15e327c504924f8c03b6e2083aec9c
B1,B1:058,B1:058,58,PASS,False,False,False,6fb3f08e48b4d3496e190fbc38b029ee7c15e327c504924f8c03b6e2083aec9c
B1,B1:059,B1:059,59,PASS,False,False,False,6fb3f08e48b4d3496e190fbc38b029ee7c15e327c504924f8c03b6e2083aec9c
B1,B1:060,B1:060,60,PASS,False,False,False,6fb3f08e48b4d3496e190fbc38b029ee7c15e327c504924f8c03b6e2083aec9c
B1,B1:061,B1:061,61,PASS,False,False,False,6fb3f08e48b4d3496e190fbc38b029ee7c15e327c504924f8c03b6e2083aec9c
B1,B1:062,B1:062,62,PASS,False,False,False,6fb3f08e48b4d3496e190fbc38b029ee7c15e327c504924f8c03b6e2083aec9c
B1,B1:063,B1:063,63,PASS,False,False,False,6fb3f08e48b4d3496e190fbc38b029ee7c15e327c504924f8c03b6e2083aec9c
C,C:deterministic-grid,C:deterministic-grid,0,PASS,False,False,False,6fb3f08e48b4d3496e190fbc38b029ee7c15e327c504924f8c03b6e2083aec9c
D0,D0:000,D0:000,0,PASS,False,False,False,6fb3f08e48b4d3496e190fbc38b029ee7c15e327c504924f8c03b6e2083aec9c
D0,D0:001,D0:001,1,PASS,False,False,False,6fb3f08e48b4d3496e190fbc38b029ee7c15e327c504924f8c03b6e2083aec9c
D0,D0:002,D0:002,2,PASS,False,False,False,6fb3f08e48b4d3496e190fbc38b029ee7c15e327c504924f8c03b6e2083aec9c
D0,D0:003,D0:003,3,PASS,False,False,False,6fb3f08e48b4d3496e190fbc38b029ee7c15e327c504924f8c03b6e2083aec9c
D0,D0:004,D0:004,4,PASS,False,False,False,6fb3f08e48b4d3496e190fbc38b029ee7c15e327c504924f8c03b6e2083aec9c
D0,D0:005,D0:005,5,PASS,False,False,False,6fb3f08e48b4d3496e190fbc38b029ee7c15e327c504924f8c03b6e2083aec9c
D0,D0:006,D0:006,6,PASS,False,False,False,6fb3f08e48b4d3496e190fbc38b029ee7c15e327c504924f8c03b6e2083aec9c
D0,D0:007,D0:007,7,PASS,False,False,False,6fb3f08e48b4d3496e190fbc38b029ee7c15e327c504924f8c03b6e2083aec9c
D0,D0:008,D0:008,8,PASS,False,False,False,6fb3f08e48b4d3496e190fbc38b029ee7c15e327c504924f8c03b6e2083aec9c
D0,D0:009,D0:009,9,PASS,False,False,False,6fb3f08e48b4d3496e190fbc38b029ee7c15e327c504924f8c03b6e2083aec9c
D0,D0:010,D0:010,10,PASS,False,False,False,6fb3f08e48b4d3496e190fbc38b029ee7c15e327c504924f8c03b6e2083aec9c
D0,D0:011,D0:011,11,PASS,False,False,False,6fb3f08e48b4d3496e190fbc38b029ee7c15e327c504924f8c03b6e2083aec9c
D0,D0:012,D0:012,12,PASS,False,False,False,6fb3f08e48b4d3496e190fbc38b029ee7c15e327c504924f8c03b6e2083aec9c
D0,D0:013,D0:013,13,PASS,False,False,False,6fb3f08e48b4d3496e190fbc38b029ee7c15e327c504924f8c03b6e2083aec9c
D0,D0:014,D0:014,14,PASS,False,False,False,6fb3f08e48b4d3496e190fbc38b029ee7c15e327c504924f8c03b6e2083aec9c
D0,D0:015,D0:015,15,PASS,False,False,False,6fb3f08e48b4d3496e190fbc38b029ee7c15e327c504924f8c03b6e2083aec9c
D0,D0:016,D0:016,16,PASS,False,False,False,6fb3f08e48b4d3496e190fbc38b029ee7c15e327c504924f8c03b6e2083aec9c
D0,D0:017,D0:017,17,PASS,False,False,False,6fb3f08e48b4d3496e190fbc38b029ee7c15e327c504924f8c03b6e2083aec9c
D0,D0:018,D0:018,18,PASS,False,False,False,6fb3f08e48b4d3496e190fbc38b029ee7c15e327c504924f8c03b6e2083aec9c
D0,D0:019,D0:019,19,PASS,False,False,False,6fb3f08e48b4d3496e190fbc38b029ee7c15e327c504924f8c03b6e2083aec9c
D0,D0:020,D0:020,20,PASS,False,False,False,6fb3f08e48b4d3496e190fbc38b029ee7c15e327c504924f8c03b6e2083aec9c
D0,D0:021,D0:021,21,PASS,False,False,False,6fb3f08e48b4d3496e190fbc38b029ee7c15e327c504924f8c03b6e2083aec9c
D0,D0:022,D0:022,22,PASS,False,False,False,6fb3f08e48b4d3496e190fbc38b029ee7c15e327c504924f8c03b6e2083aec9c
D0,D0:023,D0:023,23,PASS,False,False,False,6fb3f08e48b4d3496e190fbc38b029ee7c15e327c504924f8c03b6e2083aec9c
D0,D0:024,D0:024,24,PASS,False,False,False,6fb3f08e48b4d3496e190fbc38b029ee7c15e327c504924f8c03b6e2083aec9c
D0,D0:025,D0:025,25,PASS,False,False,False,6fb3f08e48b4d3496e190fbc38b029ee7c15e327c504924f8c03b6e2083aec9c
D0,D0:026,D0:026,26,PASS,False,False,False,6fb3f08e48b4d3496e190fbc38b029ee7c15e327c504924f8c03b6e2083aec9c
D0,D0:027,D0:027,27,PASS,False,False,False,6fb3f08e48b4d3496e190fbc38b029ee7c15e327c504924f8c03b6e2083aec9c
D0,D0:028,D0:028,28,PASS,False,False,False,6fb3f08e48b4d3496e190fbc38b029ee7c15e327c504924f8c03b6e2083aec9c
D0,D0:029,D0:029,29,PASS,False,False,False,6fb3f08e48b4d3496e190fbc38b029ee7c15e327c504924f8c03b6e2083aec9c
D0,D0:030,D0:030,30,PASS,False,False,False,6fb3f08e48b4d3496e190fbc38b029ee7c15e327c504924f8c03b6e2083aec9c
D0,D0:031,D0:031,31,PASS,False,False,False,6fb3f08e48b4d3496e190fbc38b029ee7c15e327c504924f8c03b6e2083aec9c
D0,D0:032,D0:032,32,PASS,False,False,False,6fb3f08e48b4d3496e190fbc38b029ee7c15e327c504924f8c03b6e2083aec9c
D0,D0:033,D0:033,33,PASS,False,False,False,6fb3f08e48b4d3496e190fbc38b029ee7c15e327c504924f8c03b6e2083aec9c
D0,D0:034,D0:034,34,PASS,False,False,False,6fb3f08e48b4d3496e190fbc38b029ee7c15e327c504924f8c03b6e2083aec9c
D0,D0:035,D0:035,35,PASS,False,False,False,6fb3f08e48b4d3496e190fbc38b029ee7c15e327c504924f8c03b6e2083aec9c
D0,D0:036,D0:036,36,PASS,False,False,False,6fb3f08e48b4d3496e190fbc38b029ee7c15e327c504924f8c03b6e2083aec9c
D0,D0:037,D0:037,37,PASS,False,False,False,6fb3f08e48b4d3496e190fbc38b029ee7c15e327c504924f8c03b6e2083aec9c
D0,D0:038,D0:038,38,PASS,False,False,False,6fb3f08e48b4d3496e190fbc38b029ee7c15e327c504924f8c03b6e2083aec9c
D0,D0:039,D0:039,39,PASS,False,False,False,6fb3f08e48b4d3496e190fbc38b029ee7c15e327c504924f8c03b6e2083aec9c
D0,D0:040,D0:040,40,PASS,False,False,False,6fb3f08e48b4d3496e190fbc38b029ee7c15e327c504924f8c03b6e2083aec9c
D0,D0:041,D0:041,41,PASS,False,False,False,6fb3f08e48b4d3496e190fbc38b029ee7c15e327c504924f8c03b6e2083aec9c
D0,D0:042,D0:042,42,PASS,False,False,False,6fb3f08e48b4d3496e190fbc38b029ee7c15e327c504924f8c03b6e2083aec9c
D0,D0:043,D0:043,43,PASS,False,False,False,6fb3f08e48b4d3496e190fbc38b029ee7c15e327c504924f8c03b6e2083aec9c
D0,D0:044,D0:044,44,PASS,False,False,False,6fb3f08e48b4d3496e190fbc38b029ee7c15e327c504924f8c03b6e2083aec9c
D0,D0:045,D0:045,45,PASS,False,False,False,6fb3f08e48b4d3496e190fbc38b029ee7c15e327c504924f8c03b6e2083aec9c
D0,D0:046,D0:046,46,PASS,False,False,False,6fb3f08e48b4d3496e190fbc38b029ee7c15e327c504924f8c03b6e2083aec9c
D0,D0:047,D0:047,47,PASS,False,False,False,6fb3f08e48b4d3496e190fbc38b029ee7c15e327c504924f8c03b6e2083aec9c
D0,D0:048,D0:048,48,PASS,False,False,False,6fb3f08e48b4d3496e190fbc38b029ee7c15e327c504924f8c03b6e2083aec9c
D0,D0:049,D0:049,49,PASS,False,False,False,6fb3f08e48b4d3496e190fbc38b029ee7c15e327c504924f8c03b6e2083aec9c
D0,D0:050,D0:050,50,PASS,False,False,False,6fb3f08e48b4d3496e190fbc38b029ee7c15e327c504924f8c03b6e2083aec9c
D0,D0:051,D0:051,51,PASS,False,False,False,6fb3f08e48b4d3496e190fbc38b029ee7c15e327c504924f8c03b6e2083aec9c
D0,D0:052,D0:052,52,PASS,False,False,False,6fb3f08e48b4d3496e190fbc38b029ee7c15e327c504924f8c03b6e2083aec9c
D0,D0:053,D0:053,53,PASS,False,False,False,6fb3f08e48b4d3496e190fbc38b029ee7c15e327c504924f8c03b6e2083aec9c
D0,D0:054,D0:054,54,PASS,False,False,False,6fb3f08e48b4d3496e190fbc38b029ee7c15e327c504924f8c03b6e2083aec9c
D0,D0:055,D0:055,55,PASS,False,False,False,6fb3f08e48b4d3496e190fbc38b029ee7c15e327c504924f8c03b6e2083aec9c
D0,D0:056,D0:056,56,PASS,False,False,False,6fb3f08e48b4d3496e190fbc38b029ee7c15e327c504924f8c03b6e2083aec9c
D0,D0:057,D0:057,57,PASS,False,False,False,6fb3f08e48b4d3496e190fbc38b029ee7c15e327c504924f8c03b6e2083aec9c
D0,D0:058,D0:058,58,PASS,False,False,False,6fb3f08e48b4d3496e190fbc38b029ee7c15e327c504924f8c03b6e2083aec9c
D0,D0:059,D0:059,59,PASS,False,False,False,6fb3f08e48b4d3496e190fbc38b029ee7c15e327c504924f8c03b6e2083aec9c
D0,D0:060,D0:060,60,PASS,False,False,False,6fb3f08e48b4d3496e190fbc38b029ee7c15e327c504924f8c03b6e2083aec9c
D0,D0:061,D0:061,61,PASS,False,False,False,6fb3f08e48b4d3496e190fbc38b029ee7c15e327c504924f8c03b6e2083aec9c
D0,D0:062,D0:062,62,PASS,False,False,False,6fb3f08e48b4d3496e190fbc38b029ee7c15e327c504924f8c03b6e2083aec9c
D0,D0:063,D0:063,63,PASS,False,False,False,6fb3f08e48b4d3496e190fbc38b029ee7c15e327c504924f8c03b6e2083aec9c
D1,D1:formal-witness,D1:formal-witness,0,PASS,False,False,False,6fb3f08e48b4d3496e190fbc38b029ee7c15e327c504924f8c03b6e2083aec9c
D2-CERT,D2-CERT:000,D2-CERT:000,0,PASS,False,False,False,6fb3f08e48b4d3496e190fbc38b029ee7c15e327c504924f8c03b6e2083aec9c
D2-CERT,D2-CERT:001,D2-CERT:001,1,PASS,False,False,False,6fb3f08e48b4d3496e190fbc38b029ee7c15e327c504924f8c03b6e2083aec9c
D2-CERT,D2-CERT:002,D2-CERT:002,2,PASS,False,False,False,6fb3f08e48b4d3496e190fbc38b029ee7c15e327c504924f8c03b6e2083aec9c
D2-CERT,D2-CERT:003,D2-CERT:003,3,PASS,False,False,False,6fb3f08e48b4d3496e190fbc38b029ee7c15e327c504924f8c03b6e2083aec9c
D2-CERT,D2-CERT:004,D2-CERT:004,4,PASS,False,False,False,6fb3f08e48b4d3496e190fbc38b029ee7c15e327c504924f8c03b6e2083aec9c
D2-CERT,D2-CERT:005,D2-CERT:005,5,PASS,False,False,False,6fb3f08e48b4d3496e190fbc38b029ee7c15e327c504924f8c03b6e2083aec9c
D2-CERT,D2-CERT:006,D2-CERT:006,6,PASS,False,False,False,6fb3f08e48b4d3496e190fbc38b029ee7c15e327c504924f8c03b6e2083aec9c
D2-CERT,D2-CERT:007,D2-CERT:007,7,PASS,False,False,False,6fb3f08e48b4d3496e190fbc38b029ee7c15e327c504924f8c03b6e2083aec9c
D2-CERT,D2-CERT:008,D2-CERT:008,8,PASS,False,False,False,6fb3f08e48b4d3496e190fbc38b029ee7c15e327c504924f8c03b6e2083aec9c
D2-CERT,D2-CERT:009,D2-CERT:009,9,PASS,False,False,False,6fb3f08e48b4d3496e190fbc38b029ee7c15e327c504924f8c03b6e2083aec9c
D2-CERT,D2-CERT:010,D2-CERT:010,10,PASS,False,False,False,6fb3f08e48b4d3496e190fbc38b029ee7c15e327c504924f8c03b6e2083aec9c
D2-CERT,D2-CERT:011,D2-CERT:011,11,PASS,False,False,False,6fb3f08e48b4d3496e190fbc38b029ee7c15e327c504924f8c03b6e2083aec9c
D2-CERT,D2-CERT:012,D2-CERT:012,12,PASS,False,False,False,6fb3f08e48b4d3496e190fbc38b029ee7c15e327c504924f8c03b6e2083aec9c
D2-CERT,D2-CERT:013,D2-CERT:013,13,PASS,False,False,False,6fb3f08e48b4d3496e190fbc38b029ee7c15e327c504924f8c03b6e2083aec9c
D2-CERT,D2-CERT:014,D2-CERT:014,14,PASS,False,False,False,6fb3f08e48b4d3496e190fbc38b029ee7c15e327c504924f8c03b6e2083aec9c
D2-CERT,D2-CERT:015,D2-CERT:015,15,PASS,False,False,False,6fb3f08e48b4d3496e190fbc38b029ee7c15e327c504924f8c03b6e2083aec9c
D2-CERT,D2-CERT:016,D2-CERT:016,16,PASS,False,False,False,6fb3f08e48b4d3496e190fbc38b029ee7c15e327c504924f8c03b6e2083aec9c
D2-CERT,D2-CERT:017,D2-CERT:017,17,PASS,False,False,False,6fb3f08e48b4d3496e190fbc38b029ee7c15e327c504924f8c03b6e2083aec9c
D2-CERT,D2-CERT:018,D2-CERT:018,18,PASS,False,False,False,6fb3f08e48b4d3496e190fbc38b029ee7c15e327c504924f8c03b6e2083aec9c
D2-CERT,D2-CERT:019,D2-CERT:019,19,PASS,False,False,False,6fb3f08e48b4d3496e190fbc38b029ee7c15e327c504924f8c03b6e2083aec9c
D2-CERT,D2-CERT:020,D2-CERT:020,20,PASS,False,False,False,6fb3f08e48b4d3496e190fbc38b029ee7c15e327c504924f8c03b6e2083aec9c
D2-CERT,D2-CERT:021,D2-CERT:021,21,PASS,False,False,False,6fb3f08e48b4d3496e190fbc38b029ee7c15e327c504924f8c03b6e2083aec9c
D2-CERT,D2-CERT:022,D2-CERT:022,22,PASS,False,False,False,6fb3f08e48b4d3496e190fbc38b029ee7c15e327c504924f8c03b6e2083aec9c
D2-CERT,D2-CERT:023,D2-CERT:023,23,PASS,False,False,False,6fb3f08e48b4d3496e190fbc38b029ee7c15e327c504924f8c03b6e2083aec9c
D2-CERT,D2-CERT:024,D2-CERT:024,24,PASS,False,False,False,6fb3f08e48b4d3496e190fbc38b029ee7c15e327c504924f8c03b6e2083aec9c
D2-CERT,D2-CERT:025,D2-CERT:025,25,PASS,False,False,False,6fb3f08e48b4d3496e190fbc38b029ee7c15e327c504924f8c03b6e2083aec9c
D2-CERT,D2-CERT:026,D2-CERT:026,26,PASS,False,False,False,6fb3f08e48b4d3496e190fbc38b029ee7c15e327c504924f8c03b6e2083aec9c
D2-CERT,D2-CERT:027,D2-CERT:027,27,PASS,False,False,False,6fb3f08e48b4d3496e190fbc38b029ee7c15e327c504924f8c03b6e2083aec9c
D2-CERT,D2-CERT:028,D2-CERT:028,28,PASS,False,False,False,6fb3f08e48b4d3496e190fbc38b029ee7c15e327c504924f8c03b6e2083aec9c
D2-CERT,D2-CERT:029,D2-CERT:029,29,PASS,False,False,False,6fb3f08e48b4d3496e190fbc38b029ee7c15e327c504924f8c03b6e2083aec9c
D2-CERT,D2-CERT:030,D2-CERT:030,30,PASS,False,False,False,6fb3f08e48b4d3496e190fbc38b029ee7c15e327c504924f8c03b6e2083aec9c
D2-CERT,D2-CERT:031,D2-CERT:031,31,PASS,False,False,False,6fb3f08e48b4d3496e190fbc38b029ee7c15e327c504924f8c03b6e2083aec9c
D2-CERT,D2-CERT:032,D2-CERT:032,32,PASS,False,False,False,6fb3f08e48b4d3496e190fbc38b029ee7c15e327c504924f8c03b6e2083aec9c
D2-CERT,D2-CERT:033,D2-CERT:033,33,PASS,False,False,False,6fb3f08e48b4d3496e190fbc38b029ee7c15e327c504924f8c03b6e2083aec9c
D2-CERT,D2-CERT:034,D2-CERT:034,34,PASS,False,False,False,6fb3f08e48b4d3496e190fbc38b029ee7c15e327c504924f8c03b6e2083aec9c
D2-CERT,D2-CERT:035,D2-CERT:035,35,PASS,False,False,False,6fb3f08e48b4d3496e190fbc38b029ee7c15e327c504924f8c03b6e2083aec9c
D2-CERT,D2-CERT:036,D2-CERT:036,36,PASS,False,False,False,6fb3f08e48b4d3496e190fbc38b029ee7c15e327c504924f8c03b6e2083aec9c
D2-CERT,D2-CERT:037,D2-CERT:037,37,PASS,False,False,False,6fb3f08e48b4d3496e190fbc38b029ee7c15e327c504924f8c03b6e2083aec9c
D2-CERT,D2-CERT:038,D2-CERT:038,38,PASS,False,False,False,6fb3f08e48b4d3496e190fbc38b029ee7c15e327c504924f8c03b6e2083aec9c
D2-CERT,D2-CERT:039,D2-CERT:039,39,PASS,False,False,False,6fb3f08e48b4d3496e190fbc38b029ee7c15e327c504924f8c03b6e2083aec9c
D2-CERT,D2-CERT:040,D2-CERT:040,40,PASS,False,False,False,6fb3f08e48b4d3496e190fbc38b029ee7c15e327c504924f8c03b6e2083aec9c
D2-CERT,D2-CERT:041,D2-CERT:041,41,PASS,False,False,False,6fb3f08e48b4d3496e190fbc38b029ee7c15e327c504924f8c03b6e2083aec9c
D2-CERT,D2-CERT:042,D2-CERT:042,42,PASS,False,False,False,6fb3f08e48b4d3496e190fbc38b029ee7c15e327c504924f8c03b6e2083aec9c
D2-CERT,D2-CERT:043,D2-CERT:043,43,PASS,False,False,False,6fb3f08e48b4d3496e190fbc38b029ee7c15e327c504924f8c03b6e2083aec9c
D2-CERT,D2-CERT:044,D2-CERT:044,44,PASS,False,False,False,6fb3f08e48b4d3496e190fbc38b029ee7c15e327c504924f8c03b6e2083aec9c
D2-CERT,D2-CERT:045,D2-CERT:045,45,PASS,False,False,False,6fb3f08e48b4d3496e190fbc38b029ee7c15e327c504924f8c03b6e2083aec9c
D2-CERT,D2-CERT:046,D2-CERT:046,46,PASS,False,False,False,6fb3f08e48b4d3496e190fbc38b029ee7c15e327c504924f8c03b6e2083aec9c
D2-CERT,D2-CERT:047,D2-CERT:047,47,PASS,False,False,False,6fb3f08e48b4d3496e190fbc38b029ee7c15e327c504924f8c03b6e2083aec9c
D2-CERT,D2-CERT:048,D2-CERT:048,48,PASS,False,False,False,6fb3f08e48b4d3496e190fbc38b029ee7c15e327c504924f8c03b6e2083aec9c
D2-CERT,D2-CERT:049,D2-CERT:049,49,PASS,False,False,False,6fb3f08e48b4d3496e190fbc38b029ee7c15e327c504924f8c03b6e2083aec9c
D2-CERT,D2-CERT:050,D2-CERT:050,50,PASS,False,False,False,6fb3f08e48b4d3496e190fbc38b029ee7c15e327c504924f8c03b6e2083aec9c
D2-CERT,D2-CERT:051,D2-CERT:051,51,PASS,False,False,False,6fb3f08e48b4d3496e190fbc38b029ee7c15e327c504924f8c03b6e2083aec9c
D2-CERT,D2-CERT:052,D2-CERT:052,52,PASS,False,False,False,6fb3f08e48b4d3496e190fbc38b029ee7c15e327c504924f8c03b6e2083aec9c
D2-CERT,D2-CERT:053,D2-CERT:053,53,PASS,False,False,False,6fb3f08e48b4d3496e190fbc38b029ee7c15e327c504924f8c03b6e2083aec9c
D2-CERT,D2-CERT:054,D2-CERT:054,54,PASS,False,False,False,6fb3f08e48b4d3496e190fbc38b029ee7c15e327c504924f8c03b6e2083aec9c
D2-CERT,D2-CERT:055,D2-CERT:055,55,PASS,False,False,False,6fb3f08e48b4d3496e190fbc38b029ee7c15e327c504924f8c03b6e2083aec9c
D2-CERT,D2-CERT:056,D2-CERT:056,56,PASS,False,False,False,6fb3f08e48b4d3496e190fbc38b029ee7c15e327c504924f8c03b6e2083aec9c
D2-CERT,D2-CERT:057,D2-CERT:057,57,PASS,False,False,False,6fb3f08e48b4d3496e190fbc38b029ee7c15e327c504924f8c03b6e2083aec9c
D2-CERT,D2-CERT:058,D2-CERT:058,58,PASS,False,False,False,6fb3f08e48b4d3496e190fbc38b029ee7c15e327c504924f8c03b6e2083aec9c
D2-CERT,D2-CERT:059,D2-CERT:059,59,PASS,False,False,False,6fb3f08e48b4d3496e190fbc38b029ee7c15e327c504924f8c03b6e2083aec9c
D2-CERT,D2-CERT:060,D2-CERT:060,60,PASS,False,False,False,6fb3f08e48b4d3496e190fbc38b029ee7c15e327c504924f8c03b6e2083aec9c
D2-CERT,D2-CERT:061,D2-CERT:061,61,PASS,False,False,False,6fb3f08e48b4d3496e190fbc38b029ee7c15e327c504924f8c03b6e2083aec9c
D2-CERT,D2-CERT:062,D2-CERT:062,62,PASS,False,False,False,6fb3f08e48b4d3496e190fbc38b029ee7c15e327c504924f8c03b6e2083aec9c
D2-CERT,D2-CERT:063,D2-CERT:063,63,PASS,False,False,False,6fb3f08e48b4d3496e190fbc38b029ee7c15e327c504924f8c03b6e2083aec9c
D2-MEM,D2-MEM:complete-state-census,D2-MEM:complete-state-census,0,PASS,False,False,False,6fb3f08e48b4d3496e190fbc38b029ee7c15e327c504924f8c03b6e2083aec9c
E,E:000,E:000,0,PASS,False,False,False,6fb3f08e48b4d3496e190fbc38b029ee7c15e327c504924f8c03b6e2083aec9c
E,E:001,E:001,1,PASS,False,False,False,6fb3f08e48b4d3496e190fbc38b029ee7c15e327c504924f8c03b6e2083aec9c
E,E:002,E:002,2,PASS,False,False,False,6fb3f08e48b4d3496e190fbc38b029ee7c15e327c504924f8c03b6e2083aec9c
E,E:003,E:003,3,PASS,False,False,False,6fb3f08e48b4d3496e190fbc38b029ee7c15e327c504924f8c03b6e2083aec9c
E,E:004,E:004,4,PASS,False,False,False,6fb3f08e48b4d3496e190fbc38b029ee7c15e327c504924f8c03b6e2083aec9c
E,E:005,E:005,5,PASS,False,False,False,6fb3f08e48b4d3496e190fbc38b029ee7c15e327c504924f8c03b6e2083aec9c
E,E:006,E:006,6,PASS,False,False,False,6fb3f08e48b4d3496e190fbc38b029ee7c15e327c504924f8c03b6e2083aec9c
E,E:007,E:007,7,PASS,False,False,False,6fb3f08e48b4d3496e190fbc38b029ee7c15e327c504924f8c03b6e2083aec9c
E,E:008,E:008,8,PASS,False,False,False,6fb3f08e48b4d3496e190fbc38b029ee7c15e327c504924f8c03b6e2083aec9c
E,E:009,E:009,9,PASS,False,False,False,6fb3f08e48b4d3496e190fbc38b029ee7c15e327c504924f8c03b6e2083aec9c
E,E:010,E:010,10,PASS,False,False,False,6fb3f08e48b4d3496e190fbc38b029ee7c15e327c504924f8c03b6e2083aec9c
E,E:011,E:011,11,PASS,False,False,False,6fb3f08e48b4d3496e190fbc38b029ee7c15e327c504924f8c03b6e2083aec9c
E,E:012,E:012,12,PASS,False,False,False,6fb3f08e48b4d3496e190fbc38b029ee7c15e327c504924f8c03b6e2083aec9c
E,E:013,E:013,13,PASS,False,False,False,6fb3f08e48b4d3496e190fbc38b029ee7c15e327c504924f8c03b6e2083aec9c
E,E:014,E:014,14,PASS,False,False,False,6fb3f08e48b4d3496e190fbc38b029ee7c15e327c504924f8c03b6e2083aec9c
E,E:015,E:015,15,PASS,False,False,False,6fb3f08e48b4d3496e190fbc38b029ee7c15e327c504924f8c03b6e2083aec9c
E,E:016,E:016,16,PASS,False,False,False,6fb3f08e48b4d3496e190fbc38b029ee7c15e327c504924f8c03b6e2083aec9c
E,E:017,E:017,17,PASS,False,False,False,6fb3f08e48b4d3496e190fbc38b029ee7c15e327c504924f8c03b6e2083aec9c
E,E:018,E:018,18,PASS,False,False,False,6fb3f08e48b4d3496e190fbc38b029ee7c15e327c504924f8c03b6e2083aec9c
E,E:019,E:019,19,PASS,False,False,False,6fb3f08e48b4d3496e190fbc38b029ee7c15e327c504924f8c03b6e2083aec9c
E,E:020,E:020,20,PASS,False,False,False,6fb3f08e48b4d3496e190fbc38b029ee7c15e327c504924f8c03b6e2083aec9c
E,E:021,E:021,21,PASS,False,False,False,6fb3f08e48b4d3496e190fbc38b029ee7c15e327c504924f8c03b6e2083aec9c
E,E:022,E:022,22,PASS,False,False,False,6fb3f08e48b4d3496e190fbc38b029ee7c15e327c504924f8c03b6e2083aec9c
E,E:023,E:023,23,PASS,False,False,False,6fb3f08e48b4d3496e190fbc38b029ee7c15e327c504924f8c03b6e2083aec9c
E,E:024,E:024,24,PASS,False,False,False,6fb3f08e48b4d3496e190fbc38b029ee7c15e327c504924f8c03b6e2083aec9c
E,E:025,E:025,25,PASS,False,False,False,6fb3f08e48b4d3496e190fbc38b029ee7c15e327c504924f8c03b6e2083aec9c
E,E:026,E:026,26,PASS,False,False,False,6fb3f08e48b4d3496e190fbc38b029ee7c15e327c504924f8c03b6e2083aec9c
E,E:027,E:027,27,PASS,False,False,False,6fb3f08e48b4d3496e190fbc38b029ee7c15e327c504924f8c03b6e2083aec9c
E,E:028,E:028,28,PASS,False,False,False,6fb3f08e48b4d3496e190fbc38b029ee7c15e327c504924f8c03b6e2083aec9c
E,E:029,E:029,29,PASS,False,False,False,6fb3f08e48b4d3496e190fbc38b029ee7c15e327c504924f8c03b6e2083aec9c
E,E:030,E:030,30,PASS,False,False,False,6fb3f08e48b4d3496e190fbc38b029ee7c15e327c504924f8c03b6e2083aec9c
E,E:031,E:031,31,PASS,False,False,False,6fb3f08e48b4d3496e190fbc38b029ee7c15e327c504924f8c03b6e2083aec9c
E,E:032,E:032,32,PASS,False,False,False,6fb3f08e48b4d3496e190fbc38b029ee7c15e327c504924f8c03b6e2083aec9c
E,E:033,E:033,33,PASS,False,False,False,6fb3f08e48b4d3496e190fbc38b029ee7c15e327c504924f8c03b6e2083aec9c
E,E:034,E:034,34,PASS,False,False,False,6fb3f08e48b4d3496e190fbc38b029ee7c15e327c504924f8c03b6e2083aec9c
E,E:035,E:035,35,PASS,False,False,False,6fb3f08e48b4d3496e190fbc38b029ee7c15e327c504924f8c03b6e2083aec9c
E,E:036,E:036,36,PASS,False,False,False,6fb3f08e48b4d3496e190fbc38b029ee7c15e327c504924f8c03b6e2083aec9c
E,E:037,E:037,37,PASS,False,False,False,6fb3f08e48b4d3496e190fbc38b029ee7c15e327c504924f8c03b6e2083aec9c
E,E:038,E:038,38,PASS,False,False,False,6fb3f08e48b4d3496e190fbc38b029ee7c15e327c504924f8c03b6e2083aec9c
E,E:039,E:039,39,PASS,False,False,False,6fb3f08e48b4d3496e190fbc38b029ee7c15e327c504924f8c03b6e2083aec9c
E,E:040,E:040,40,PASS,False,False,False,6fb3f08e48b4d3496e190fbc38b029ee7c15e327c504924f8c03b6e2083aec9c
E,E:041,E:041,41,PASS,False,False,False,6fb3f08e48b4d3496e190fbc38b029ee7c15e327c504924f8c03b6e2083aec9c
E,E:042,E:042,42,PASS,False,False,False,6fb3f08e48b4d3496e190fbc38b029ee7c15e327c504924f8c03b6e2083aec9c
E,E:043,E:043,43,PASS,False,False,False,6fb3f08e48b4d3496e190fbc38b029ee7c15e327c504924f8c03b6e2083aec9c
E,E:044,E:044,44,PASS,False,False,False,6fb3f08e48b4d3496e190fbc38b029ee7c15e327c504924f8c03b6e2083aec9c
E,E:045,E:045,45,PASS,False,False,False,6fb3f08e48b4d3496e190fbc38b029ee7c15e327c504924f8c03b6e2083aec9c
E,E:046,E:046,46,PASS,False,False,False,6fb3f08e48b4d3496e190fbc38b029ee7c15e327c504924f8c03b6e2083aec9c
E,E:047,E:047,47,PASS,False,False,False,6fb3f08e48b4d3496e190fbc38b029ee7c15e327c504924f8c03b6e2083aec9c
E,E:048,E:048,48,PASS,False,False,False,6fb3f08e48b4d3496e190fbc38b029ee7c15e327c504924f8c03b6e2083aec9c
E,E:049,E:049,49,PASS,False,False,False,6fb3f08e48b4d3496e190fbc38b029ee7c15e327c504924f8c03b6e2083aec9c
E,E:050,E:050,50,PASS,False,False,False,6fb3f08e48b4d3496e190fbc38b029ee7c15e327c504924f8c03b6e2083aec9c
E,E:051,E:051,51,PASS,False,False,False,6fb3f08e48b4d3496e190fbc38b029ee7c15e327c504924f8c03b6e2083aec9c
E,E:052,E:052,52,PASS,False,False,False,6fb3f08e48b4d3496e190fbc38b029ee7c15e327c504924f8c03b6e2083aec9c
E,E:053,E:053,53,PASS,False,False,False,6fb3f08e48b4d3496e190fbc38b029ee7c15e327c504924f8c03b6e2083aec9c
E,E:054,E:054,54,PASS,False,False,False,6fb3f08e48b4d3496e190fbc38b029ee7c15e327c504924f8c03b6e2083aec9c
E,E:055,E:055,55,PASS,False,False,False,6fb3f08e48b4d3496e190fbc38b029ee7c15e327c504924f8c03b6e2083aec9c
E,E:056,E:056,56,PASS,False,False,False,6fb3f08e48b4d3496e190fbc38b029ee7c15e327c504924f8c03b6e2083aec9c
E,E:057,E:057,57,PASS,False,False,False,6fb3f08e48b4d3496e190fbc38b029ee7c15e327c504924f8c03b6e2083aec9c
E,E:058,E:058,58,PASS,False,False,False,6fb3f08e48b4d3496e190fbc38b029ee7c15e327c504924f8c03b6e2083aec9c
E,E:059,E:059,59,PASS,False,False,False,6fb3f08e48b4d3496e190fbc38b029ee7c15e327c504924f8c03b6e2083aec9c
E,E:060,E:060,60,PASS,False,False,False,6fb3f08e48b4d3496e190fbc38b029ee7c15e327c504924f8c03b6e2083aec9c
E,E:061,E:061,61,PASS,False,False,False,6fb3f08e48b4d3496e190fbc38b029ee7c15e327c504924f8c03b6e2083aec9c
E,E:062,E:062,62,PASS,False,False,False,6fb3f08e48b4d3496e190fbc38b029ee7c15e327c504924f8c03b6e2083aec9c
E,E:063,E:063,63,PASS,False,False,False,6fb3f08e48b4d3496e190fbc38b029ee7c15e327c504924f8c03b6e2083aec9c
F0,F0:000,F0:000,0,PASS,False,False,False,6fb3f08e48b4d3496e190fbc38b029ee7c15e327c504924f8c03b6e2083aec9c
F0,F0:001,F0:001,1,PASS,False,False,False,6fb3f08e48b4d3496e190fbc38b029ee7c15e327c504924f8c03b6e2083aec9c
F0,F0:002,F0:002,2,PASS,False,False,False,6fb3f08e48b4d3496e190fbc38b029ee7c15e327c504924f8c03b6e2083aec9c
F0,F0:003,F0:003,3,PASS,False,False,False,6fb3f08e48b4d3496e190fbc38b029ee7c15e327c504924f8c03b6e2083aec9c
F0,F0:004,F0:004,4,PASS,False,False,False,6fb3f08e48b4d3496e190fbc38b029ee7c15e327c504924f8c03b6e2083aec9c
F0,F0:005,F0:005,5,PASS,False,False,False,6fb3f08e48b4d3496e190fbc38b029ee7c15e327c504924f8c03b6e2083aec9c
F0,F0:006,F0:006,6,PASS,False,False,False,6fb3f08e48b4d3496e190fbc38b029ee7c15e327c504924f8c03b6e2083aec9c
F0,F0:007,F0:007,7,PASS,False,False,False,6fb3f08e48b4d3496e190fbc38b029ee7c15e327c504924f8c03b6e2083aec9c
F0,F0:008,F0:008,8,PASS,False,False,False,6fb3f08e48b4d3496e190fbc38b029ee7c15e327c504924f8c03b6e2083aec9c
F0,F0:009,F0:009,9,PASS,False,False,False,6fb3f08e48b4d3496e190fbc38b029ee7c15e327c504924f8c03b6e2083aec9c
F0,F0:010,F0:010,10,PASS,False,False,False,6fb3f08e48b4d3496e190fbc38b029ee7c15e327c504924f8c03b6e2083aec9c
F0,F0:011,F0:011,11,PASS,False,False,False,6fb3f08e48b4d3496e190fbc38b029ee7c15e327c504924f8c03b6e2083aec9c
F0,F0:012,F0:012,12,PASS,False,False,False,6fb3f08e48b4d3496e190fbc38b029ee7c15e327c504924f8c03b6e2083aec9c
F0,F0:013,F0:013,13,PASS,False,False,False,6fb3f08e48b4d3496e190fbc38b029ee7c15e327c504924f8c03b6e2083aec9c
F0,F0:014,F0:014,14,PASS,False,False,False,6fb3f08e48b4d3496e190fbc38b029ee7c15e327c504924f8c03b6e2083aec9c
F0,F0:015,F0:015,15,PASS,False,False,False,6fb3f08e48b4d3496e190fbc38b029ee7c15e327c504924f8c03b6e2083aec9c
F0,F0:016,F0:016,16,PASS,False,False,False,6fb3f08e48b4d3496e190fbc38b029ee7c15e327c504924f8c03b6e2083aec9c
F0,F0:017,F0:017,17,PASS,False,False,False,6fb3f08e48b4d3496e190fbc38b029ee7c15e327c504924f8c03b6e2083aec9c
F0,F0:018,F0:018,18,PASS,False,False,False,6fb3f08e48b4d3496e190fbc38b029ee7c15e327c504924f8c03b6e2083aec9c
F0,F0:019,F0:019,19,PASS,False,False,False,6fb3f08e48b4d3496e190fbc38b029ee7c15e327c504924f8c03b6e2083aec9c
F0,F0:020,F0:020,20,PASS,False,False,False,6fb3f08e48b4d3496e190fbc38b029ee7c15e327c504924f8c03b6e2083aec9c
F0,F0:021,F0:021,21,PASS,False,False,False,6fb3f08e48b4d3496e190fbc38b029ee7c15e327c504924f8c03b6e2083aec9c
F0,F0:022,F0:022,22,PASS,False,False,False,6fb3f08e48b4d3496e190fbc38b029ee7c15e327c504924f8c03b6e2083aec9c
F0,F0:023,F0:023,23,PASS,False,False,False,6fb3f08e48b4d3496e190fbc38b029ee7c15e327c504924f8c03b6e2083aec9c
F0,F0:024,F0:024,24,PASS,False,False,False,6fb3f08e48b4d3496e190fbc38b029ee7c15e327c504924f8c03b6e2083aec9c
F0,F0:025,F0:025,25,PASS,False,False,False,6fb3f08e48b4d3496e190fbc38b029ee7c15e327c504924f8c03b6e2083aec9c
F0,F0:026,F0:026,26,PASS,False,False,False,6fb3f08e48b4d3496e190fbc38b029ee7c15e327c504924f8c03b6e2083aec9c
F0,F0:027,F0:027,27,PASS,False,False,False,6fb3f08e48b4d3496e190fbc38b029ee7c15e327c504924f8c03b6e2083aec9c
F0,F0:028,F0:028,28,PASS,False,False,False,6fb3f08e48b4d3496e190fbc38b029ee7c15e327c504924f8c03b6e2083aec9c
F0,F0:029,F0:029,29,PASS,False,False,False,6fb3f08e48b4d3496e190fbc38b029ee7c15e327c504924f8c03b6e2083aec9c
F0,F0:030,F0:030,30,PASS,False,False,False,6fb3f08e48b4d3496e190fbc38b029ee7c15e327c504924f8c03b6e2083aec9c
F0,F0:031,F0:031,31,PASS,False,False,False,6fb3f08e48b4d3496e190fbc38b029ee7c15e327c504924f8c03b6e2083aec9c
F0,F0:032,F0:032,32,PASS,False,False,False,6fb3f08e48b4d3496e190fbc38b029ee7c15e327c504924f8c03b6e2083aec9c
F0,F0:033,F0:033,33,PASS,False,False,False,6fb3f08e48b4d3496e190fbc38b029ee7c15e327c504924f8c03b6e2083aec9c
F0,F0:034,F0:034,34,PASS,False,False,False,6fb3f08e48b4d3496e190fbc38b029ee7c15e327c504924f8c03b6e2083aec9c
F0,F0:035,F0:035,35,PASS,False,False,False,6fb3f08e48b4d3496e190fbc38b029ee7c15e327c504924f8c03b6e2083aec9c
F0,F0:036,F0:036,36,PASS,False,False,False,6fb3f08e48b4d3496e190fbc38b029ee7c15e327c504924f8c03b6e2083aec9c
F0,F0:037,F0:037,37,PASS,False,False,False,6fb3f08e48b4d3496e190fbc38b029ee7c15e327c504924f8c03b6e2083aec9c
F0,F0:038,F0:038,38,PASS,False,False,False,6fb3f08e48b4d3496e190fbc38b029ee7c15e327c504924f8c03b6e2083aec9c
F0,F0:039,F0:039,39,PASS,False,False,False,6fb3f08e48b4d3496e190fbc38b029ee7c15e327c504924f8c03b6e2083aec9c
F0,F0:040,F0:040,40,PASS,False,False,False,6fb3f08e48b4d3496e190fbc38b029ee7c15e327c504924f8c03b6e2083aec9c
F0,F0:041,F0:041,41,PASS,False,False,False,6fb3f08e48b4d3496e190fbc38b029ee7c15e327c504924f8c03b6e2083aec9c
F0,F0:042,F0:042,42,PASS,False,False,False,6fb3f08e48b4d3496e190fbc38b029ee7c15e327c504924f8c03b6e2083aec9c
F0,F0:043,F0:043,43,PASS,False,False,False,6fb3f08e48b4d3496e190fbc38b029ee7c15e327c504924f8c03b6e2083aec9c
F0,F0:044,F0:044,44,PASS,False,False,False,6fb3f08e48b4d3496e190fbc38b029ee7c15e327c504924f8c03b6e2083aec9c
F0,F0:045,F0:045,45,PASS,False,False,False,6fb3f08e48b4d3496e190fbc38b029ee7c15e327c504924f8c03b6e2083aec9c
F0,F0:046,F0:046,46,PASS,False,False,False,6fb3f08e48b4d3496e190fbc38b029ee7c15e327c504924f8c03b6e2083aec9c
F0,F0:047,F0:047,47,PASS,False,False,False,6fb3f08e48b4d3496e190fbc38b029ee7c15e327c504924f8c03b6e2083aec9c
F0,F0:048,F0:048,48,PASS,False,False,False,6fb3f08e48b4d3496e190fbc38b029ee7c15e327c504924f8c03b6e2083aec9c
F0,F0:049,F0:049,49,PASS,False,False,False,6fb3f08e48b4d3496e190fbc38b029ee7c15e327c504924f8c03b6e2083aec9c
F0,F0:050,F0:050,50,PASS,False,False,False,6fb3f08e48b4d3496e190fbc38b029ee7c15e327c504924f8c03b6e2083aec9c
F0,F0:051,F0:051,51,PASS,False,False,False,6fb3f08e48b4d3496e190fbc38b029ee7c15e327c504924f8c03b6e2083aec9c
F0,F0:052,F0:052,52,PASS,False,False,False,6fb3f08e48b4d3496e190fbc38b029ee7c15e327c504924f8c03b6e2083aec9c
F0,F0:053,F0:053,53,PASS,False,False,False,6fb3f08e48b4d3496e190fbc38b029ee7c15e327c504924f8c03b6e2083aec9c
F0,F0:054,F0:054,54,PASS,False,False,False,6fb3f08e48b4d3496e190fbc38b029ee7c15e327c504924f8c03b6e2083aec9c
F0,F0:055,F0:055,55,PASS,False,False,False,6fb3f08e48b4d3496e190fbc38b029ee7c15e327c504924f8c03b6e2083aec9c
F0,F0:056,F0:056,56,PASS,False,False,False,6fb3f08e48b4d3496e190fbc38b029ee7c15e327c504924f8c03b6e2083aec9c
F0,F0:057,F0:057,57,PASS,False,False,False,6fb3f08e48b4d3496e190fbc38b029ee7c15e327c504924f8c03b6e2083aec9c
F0,F0:058,F0:058,58,PASS,False,False,False,6fb3f08e48b4d3496e190fbc38b029ee7c15e327c504924f8c03b6e2083aec9c
F0,F0:059,F0:059,59,PASS,False,False,False,6fb3f08e48b4d3496e190fbc38b029ee7c15e327c504924f8c03b6e2083aec9c
F0,F0:060,F0:060,60,PASS,False,False,False,6fb3f08e48b4d3496e190fbc38b029ee7c15e327c504924f8c03b6e2083aec9c
F0,F0:061,F0:061,61,PASS,False,False,False,6fb3f08e48b4d3496e190fbc38b029ee7c15e327c504924f8c03b6e2083aec9c
F0,F0:062,F0:062,62,PASS,False,False,False,6fb3f08e48b4d3496e190fbc38b029ee7c15e327c504924f8c03b6e2083aec9c
F0,F0:063,F0:063,63,PASS,False,False,False,6fb3f08e48b4d3496e190fbc38b029ee7c15e327c504924f8c03b6e2083aec9c
